product_id,product_name,category
1,nation,Toys
2,approach,Electronics
3,blood,Books
4,drive,Clothing
5,garden,Electronics
6,everyone,Toys
7,bad,Toys
8,stand,Clothing
9,condition,Books
10,similar,Food
11,able,Toys
12,brother,Toys
13,event,Food
14,hope,Clothing
15,official,Electronics
16,identify,Electronics
17,miss,Clothing
18,open,Books
19,red,Electronics
20,miss,Toys
21,member,Food
22,response,Clothing
23,style,Electronics
24,present,Toys
25,evidence,Toys
26,sort,Toys
27,teach,Electronics
28,audience,Toys
29,skill,Electronics
30,difficult,Clothing
31,of,Books
32,pretty,Clothing
33,thousand,Electronics
34,run,Electronics
35,visit,Toys
36,girl,Electronics
37,yet,Toys
38,nothing,Food
39,little,Food
40,page,Food
41,its,Food
42,many,Electronics
43,nothing,Electronics
44,structure,Electronics
45,perhaps,Electronics
46,cell,Clothing
47,star,Food
48,child,Food
49,new,Toys
50,writer,Toys
51,set,Toys
52,early,Books
53,evidence,Toys
54,capital,Electronics
55,bad,Electronics
56,best,Toys
57,painting,Clothing
58,fear,Books
59,population,Clothing
60,mission,Clothing
61,nation,Food
62,business,Electronics
63,industry,Clothing
64,knowledge,Toys
65,language,Electronics
66,develop,Books
67,attack,Food
68,skill,Toys
69,wish,Clothing
70,east,Toys
71,off,Clothing
72,practice,Food
73,enjoy,Toys
74,enough,Food
75,music,Books
76,wrong,Toys
77,art,Food
78,information,Electronics
79,its,Toys
80,west,Electronics
81,commercial,Electronics
82,tell,Food
83,gun,Electronics
84,strong,Books
85,break,Food
86,thousand,Books
87,agree,Electronics
88,owner,Electronics
89,view,Electronics
90,line,Books
91,coach,Food
92,real,Toys
93,agent,Food
94,sort,Toys
95,response,Electronics
96,be,Books
97,cold,Food
98,ago,Clothing
99,seem,Books
100,article,Electronics
101,owner,Toys
102,own,Toys
103,watch,Toys
104,tough,Books
105,work,Electronics
106,give,Electronics
107,myself,Toys
108,audience,Food
109,appear,Clothing
110,protect,Food
111,star,Clothing
112,actually,Clothing
113,score,Clothing
114,study,Clothing
115,wind,Electronics
116,wind,Food
117,cost,Clothing
118,it,Books
119,condition,Books
120,cause,Books
121,and,Books
122,bit,Food
123,recent,Electronics
124,house,Toys
125,agree,Food
126,million,Books
127,full,Clothing
128,mean,Books
129,decade,Food
130,surface,Books
131,mention,Food
132,hear,Books
133,toward,Clothing
134,goal,Toys
135,skill,Electronics
136,book,Clothing
137,movie,Toys
138,goal,Toys
139,sometimes,Clothing
140,cost,Clothing
141,say,Clothing
142,term,Food
143,drive,Clothing
144,budget,Books
145,believe,Electronics
146,process,Food
147,unit,Clothing
148,risk,Clothing
149,beautiful,Food
150,feeling,Books
151,movement,Books
152,this,Clothing
153,similar,Food
154,hundred,Clothing
155,speech,Electronics
156,especially,Toys
157,thus,Food
158,behind,Electronics
159,that,Electronics
160,everything,Electronics
161,hot,Electronics
162,share,Electronics
163,southern,Electronics
164,seat,Food
165,early,Toys
166,protect,Electronics
167,gun,Books
168,sure,Toys
169,second,Books
170,medical,Books
171,voice,Clothing
172,building,Toys
173,instead,Clothing
174,article,Clothing
175,catch,Clothing
176,seek,Toys
177,effort,Electronics
178,short,Books
179,sell,Books
180,same,Clothing
181,down,Food
182,beyond,Electronics
183,next,Food
184,walk,Clothing
185,agree,Toys
186,personal,Food
187,smile,Clothing
188,local,Electronics
189,especially,Electronics
190,across,Food
191,common,Clothing
192,become,Toys
193,care,Food
194,politics,Food
195,wish,Clothing
196,yourself,Books
197,option,Electronics
198,into,Books
199,pay,Books
200,open,Electronics
201,nature,Clothing
202,recognize,Books
203,safe,Clothing
204,sign,Toys
205,mother,Toys
206,law,Books
207,head,Toys
208,company,Toys
209,by,Clothing
210,read,Books
211,power,Electronics
212,organization,Food
213,everyone,Electronics
214,religious,Toys
215,ever,Food
216,season,Toys
217,institution,Clothing
218,million,Books
219,scene,Books
220,shake,Books
221,list,Books
222,ago,Toys
223,sit,Books
224,heavy,Books
225,country,Electronics
226,difference,Toys
227,meeting,Books
228,local,Clothing
229,break,Food
230,card,Electronics
231,keep,Electronics
232,discussion,Food
233,west,Electronics
234,apply,Clothing
235,generation,Books
236,never,Food
237,attention,Books
238,general,Food
239,serve,Clothing
240,thing,Books
241,think,Electronics
242,often,Toys
243,standard,Electronics
244,image,Books
245,about,Toys
246,effort,Clothing
247,way,Books
248,candidate,Clothing
249,guy,Books
250,north,Toys
251,news,Clothing
252,real,Electronics
253,himself,Books
254,list,Toys
255,century,Clothing
256,wish,Toys
257,industry,Electronics
258,professor,Electronics
259,dark,Clothing
260,fact,Electronics
261,miss,Toys
262,benefit,Electronics
263,road,Books
264,ability,Food
265,fill,Food
266,her,Electronics
267,trial,Food
268,them,Clothing
269,building,Books
270,five,Electronics
271,own,Electronics
272,eye,Books
273,begin,Books
274,speak,Toys
275,ground,Toys
276,last,Food
277,prove,Toys
278,color,Toys
279,certainly,Toys
280,heavy,Clothing
281,reality,Clothing
282,in,Electronics
283,billion,Toys
284,husband,Food
285,computer,Books
286,one,Food
287,thought,Food
288,left,Electronics
289,argue,Electronics
290,hard,Books
291,edge,Books
292,special,Clothing
293,finish,Clothing
294,ball,Clothing
295,leader,Toys
296,fund,Clothing
297,traditional,Books
298,anything,Toys
299,try,Toys
300,woman,Clothing
301,available,Clothing
302,term,Books
303,probably,Electronics
304,majority,Toys
305,fight,Electronics
306,strategy,Electronics
307,stuff,Toys
308,themselves,Toys
309,teach,Food
310,serve,Food
311,right,Books
312,direction,Electronics
313,enjoy,Clothing
314,clearly,Toys
315,simply,Books
316,exactly,Toys
317,include,Books
318,worry,Food
319,boy,Electronics
320,specific,Toys
321,once,Toys
322,job,Electronics
323,fall,Clothing
324,your,Food
325,purpose,Electronics
326,fund,Electronics
327,well,Food
328,over,Toys
329,employee,Food
330,finally,Books
331,budget,Electronics
332,story,Toys
333,if,Clothing
334,serve,Food
335,piece,Electronics
336,join,Books
337,sometimes,Books
338,issue,Books
339,product,Toys
340,after,Food
341,else,Clothing
342,institution,Toys
343,help,Toys
344,officer,Books
345,can,Toys
346,back,Toys
347,protect,Food
348,ago,Toys
349,paper,Food
350,raise,Toys
351,east,Toys
352,successful,Toys
353,start,Food
354,kind,Toys
355,project,Toys
356,million,Food
357,care,Food
358,executive,Clothing
359,natural,Electronics
360,open,Toys
361,actually,Books
362,available,Food
363,a,Food
364,see,Books
365,wish,Food
366,over,Food
367,she,Books
368,about,Food
369,country,Food
370,either,Electronics
371,trouble,Toys
372,behavior,Food
373,everything,Clothing
374,short,Electronics
375,partner,Books
376,economic,Clothing
377,ball,Books
378,financial,Books
379,who,Clothing
380,our,Electronics
381,contain,Electronics
382,present,Electronics
383,me,Food
384,other,Clothing
385,prove,Food
386,fear,Food
387,I,Food
388,around,Electronics
389,major,Clothing
390,much,Food
391,low,Food
392,Democrat,Electronics
393,condition,Toys
394,onto,Electronics
395,central,Clothing
396,enjoy,Toys
397,act,Food
398,grow,Books
399,face,Clothing
400,beyond,Electronics
401,around,Electronics
402,prove,Electronics
403,spring,Food
404,himself,Books
405,early,Clothing
406,expect,Food
407,student,Food
408,investment,Books
409,gun,Books
410,star,Electronics
411,why,Electronics
412,single,Electronics
413,get,Toys
414,increase,Clothing
415,win,Clothing
416,time,Clothing
417,friend,Clothing
418,course,Electronics
419,them,Clothing
420,chair,Books
421,explain,Electronics
422,which,Toys
423,expect,Food
424,ground,Books
425,suggest,Electronics
426,protect,Toys
427,sound,Clothing
428,old,Food
429,fish,Clothing
430,over,Books
431,score,Toys
432,hold,Books
433,step,Clothing
434,since,Food
435,market,Books
436,music,Toys
437,base,Clothing
438,contain,Clothing
439,easy,Food
440,long,Electronics
441,half,Clothing
442,blue,Clothing
443,report,Toys
444,carry,Food
445,see,Toys
446,attack,Books
447,pull,Books
448,training,Electronics
449,voice,Clothing
450,information,Food
451,mouth,Toys
452,win,Food
453,course,Toys
454,present,Books
455,how,Toys
456,why,Electronics
457,somebody,Toys
458,ask,Food
459,matter,Food
460,understand,Electronics
461,simply,Books
462,ready,Food
463,skin,Toys
464,song,Electronics
465,above,Food
466,seven,Toys
467,born,Books
468,send,Food
469,every,Toys
470,fish,Clothing
471,board,Electronics
472,young,Clothing
473,bit,Electronics
474,home,Food
475,meet,Food
476,magazine,Toys
477,eight,Clothing
478,here,Electronics
479,she,Food
480,interest,Toys
481,church,Clothing
482,media,Books
483,side,Electronics
484,sound,Food
485,his,Electronics
486,study,Food
487,response,Books
488,lay,Electronics
489,memory,Electronics
490,account,Electronics
491,attack,Electronics
492,explain,Clothing
493,significant,Clothing
494,nation,Toys
495,beat,Food
496,reality,Toys
497,concern,Clothing
498,party,Food
499,process,Clothing
500,together,Books
501,activity,Books
502,one,Books
503,practice,Books
504,heart,Books
505,pattern,Books
506,line,Books
507,dog,Electronics
508,you,Food
509,several,Books
510,occur,Clothing
511,either,Toys
512,recently,Books
513,character,Clothing
514,every,Electronics
515,trouble,Books
516,rule,Electronics
517,training,Books
518,myself,Food
519,wear,Electronics
520,military,Electronics
521,way,Electronics
522,partner,Toys
523,newspaper,Books
524,whether,Clothing
525,sound,Electronics
526,or,Food
527,shoulder,Clothing
528,kind,Food
529,mind,Electronics
530,time,Food
531,kitchen,Food
532,man,Books
533,party,Books
534,outside,Electronics
535,truth,Food
536,contain,Toys
537,five,Toys
538,with,Clothing
539,city,Clothing
540,together,Clothing
541,nothing,Clothing
542,nation,Toys
543,civil,Clothing
544,either,Books
545,off,Food
546,rule,Books
547,list,Clothing
548,forward,Food
549,morning,Books
550,important,Books
551,easy,Electronics
552,material,Toys
553,consumer,Clothing
554,teacher,Books
555,agree,Toys
556,culture,Electronics
557,blood,Books
558,story,Books
559,argue,Electronics
560,hit,Toys
561,sell,Food
562,project,Clothing
563,hot,Food
564,support,Toys
565,every,Toys
566,animal,Clothing
567,clear,Food
568,suddenly,Electronics
569,success,Toys
570,big,Toys
571,when,Electronics
572,western,Toys
573,vote,Electronics
574,feeling,Toys
575,like,Toys
576,see,Food
577,same,Food
578,first,Toys
579,pressure,Electronics
580,fund,Electronics
581,middle,Books
582,green,Clothing
583,too,Clothing
584,hear,Electronics
585,television,Clothing
586,run,Toys
587,anything,Food
588,government,Food
589,as,Food
590,court,Food
591,popular,Clothing
592,again,Food
593,amount,Electronics
594,various,Toys
595,task,Books
596,process,Clothing
597,control,Electronics
598,already,Electronics
599,box,Electronics
600,source,Food
601,budget,Clothing
602,conference,Toys
603,soon,Electronics
604,hope,Toys
605,newspaper,Books
606,must,Food
607,defense,Toys
608,to,Electronics
609,man,Food
610,shake,Electronics
611,all,Toys
612,present,Food
613,floor,Food
614,probably,Food
615,pick,Toys
616,short,Clothing
617,how,Clothing
618,peace,Clothing
619,suffer,Clothing
620,push,Clothing
621,really,Electronics
622,government,Food
623,model,Food
624,skill,Toys
625,likely,Electronics
626,participant,Books
627,decide,Books
628,southern,Food
629,these,Clothing
630,easy,Electronics
631,as,Electronics
632,may,Clothing
633,food,Books
634,build,Food
635,much,Books
636,difficult,Books
637,attorney,Toys
638,eye,Clothing
639,manage,Electronics
640,threat,Electronics
641,left,Electronics
642,someone,Electronics
643,contain,Electronics
644,most,Clothing
645,challenge,Clothing
646,strategy,Toys
647,challenge,Electronics
648,point,Electronics
649,key,Electronics
650,player,Food
651,whether,Electronics
652,bank,Electronics
653,exist,Books
654,husband,Electronics
655,program,Electronics
656,sometimes,Food
657,old,Food
658,knowledge,Electronics
659,kitchen,Toys
660,front,Books
661,detail,Clothing
662,yet,Books
663,cultural,Books
664,news,Toys
665,effect,Toys
666,I,Toys
667,her,Electronics
668,shake,Food
669,attack,Electronics
670,street,Books
671,fund,Toys
672,citizen,Toys
673,because,Books
674,old,Food
675,later,Toys
676,put,Food
677,win,Food
678,age,Food
679,picture,Clothing
680,third,Books
681,start,Clothing
682,very,Books
683,him,Books
684,return,Books
685,state,Books
686,reason,Electronics
687,discover,Electronics
688,seven,Electronics
689,car,Clothing
690,himself,Food
691,year,Electronics
692,act,Food
693,every,Food
694,Congress,Electronics
695,write,Clothing
696,even,Food
697,machine,Books
698,father,Toys
699,pattern,Electronics
700,defense,Electronics
701,visit,Toys
702,small,Clothing
703,senior,Books
704,recognize,Books
705,quite,Electronics
706,story,Food
707,near,Electronics
708,religious,Electronics
709,statement,Food
710,benefit,Clothing
711,country,Toys
712,including,Electronics
713,around,Books
714,real,Clothing
715,strong,Electronics
716,report,Clothing
717,music,Books
718,sound,Clothing
719,past,Electronics
720,sport,Books
721,bank,Food
722,last,Electronics
723,guy,Toys
724,subject,Books
725,anything,Food
726,police,Food
727,race,Food
728,model,Electronics
729,if,Books
730,drug,Electronics
731,tax,Toys
732,inside,Food
733,best,Food
734,support,Clothing
735,tonight,Electronics
736,evening,Clothing
737,each,Toys
738,like,Books
739,process,Books
740,ten,Clothing
741,even,Clothing
742,nice,Electronics
743,add,Food
744,against,Books
745,bring,Clothing
746,him,Food
747,believe,Food
748,leave,Electronics
749,office,Toys
750,past,Clothing
751,nation,Food
752,radio,Food
753,only,Food
754,make,Electronics
755,foot,Toys
756,city,Food
757,serve,Electronics
758,room,Electronics
759,professional,Food
760,often,Electronics
761,course,Toys
762,point,Books
763,kid,Books
764,reduce,Electronics
765,town,Electronics
766,whatever,Toys
767,help,Clothing
768,stuff,Toys
769,image,Clothing
770,cold,Electronics
771,begin,Books
772,major,Clothing
773,drug,Books
774,perform,Toys
775,many,Electronics
776,lot,Food
777,left,Food
778,number,Books
779,leader,Food
780,eat,Toys
781,yeah,Electronics
782,feeling,Books
783,step,Food
784,cover,Electronics
785,statement,Clothing
786,throughout,Toys
787,night,Toys
788,avoid,Electronics
789,method,Toys
790,attack,Food
791,peace,Electronics
792,speech,Books
793,seat,Books
794,whom,Electronics
795,no,Toys
796,style,Electronics
797,health,Clothing
798,at,Clothing
799,watch,Food
800,minute,Electronics
801,world,Toys
802,lot,Books
803,yard,Clothing
804,attack,Books
805,myself,Toys
806,make,Food
807,yet,Electronics
808,role,Clothing
809,ago,Clothing
810,huge,Books
811,choice,Clothing
812,radio,Books
813,former,Electronics
814,room,Toys
815,work,Books
816,ready,Clothing
817,occur,Books
818,wrong,Electronics
819,student,Toys
820,claim,Food
821,case,Electronics
822,force,Food
823,design,Books
824,light,Food
825,other,Electronics
826,economy,Electronics
827,bit,Clothing
828,attack,Clothing
829,its,Electronics
830,theory,Clothing
831,something,Toys
832,always,Food
833,short,Electronics
834,ten,Clothing
835,forward,Clothing
836,man,Books
837,discuss,Electronics
838,page,Clothing
839,land,Books
840,join,Clothing
841,make,Toys
842,long,Books
843,box,Clothing
844,speak,Toys
845,record,Electronics
846,girl,Food
847,board,Clothing
848,why,Clothing
849,increase,Toys
850,physical,Clothing
851,fight,Clothing
852,fine,Clothing
853,thank,Electronics
854,oil,Clothing
855,building,Books
856,deal,Electronics
857,safe,Books
858,learn,Clothing
859,plan,Clothing
860,help,Food
861,score,Food
862,himself,Food
863,team,Clothing
864,month,Toys
865,two,Books
866,conference,Clothing
867,bank,Books
868,better,Electronics
869,account,Electronics
870,management,Food
871,account,Books
872,minute,Toys
873,story,Books
874,general,Clothing
875,leg,Toys
876,everyone,Food
877,reality,Toys
878,mind,Books
879,learn,Books
880,challenge,Toys
881,then,Toys
882,whom,Books
883,career,Electronics
884,property,Electronics
885,human,Electronics
886,wide,Electronics
887,experience,Clothing
888,rock,Food
889,administration,Food
890,particular,Electronics
891,generation,Electronics
892,central,Food
893,lay,Electronics
894,trip,Clothing
895,house,Books
896,today,Food
897,never,Toys
898,build,Electronics
899,owner,Clothing
900,factor,Electronics
901,believe,Toys
902,war,Books
903,because,Books
904,probably,Electronics
905,seven,Clothing
906,city,Food
907,yard,Clothing
908,hundred,Toys
909,blood,Toys
910,month,Electronics
911,main,Books
912,message,Food
913,believe,Food
914,he,Food
915,partner,Toys
916,form,Books
917,full,Electronics
918,ten,Toys
919,language,Books
920,town,Clothing
921,indeed,Toys
922,piece,Toys
923,itself,Food
924,how,Books
925,recent,Electronics
926,significant,Books
927,must,Clothing
928,wrong,Books
929,hotel,Electronics
930,officer,Toys
931,method,Toys
932,five,Electronics
933,list,Toys
934,leg,Books
935,start,Clothing
936,decision,Toys
937,box,Food
938,social,Toys
939,appear,Electronics
940,sort,Toys
941,actually,Toys
942,source,Toys
943,range,Books
944,board,Electronics
945,situation,Electronics
946,case,Clothing
947,baby,Clothing
948,among,Clothing
949,hit,Clothing
950,buy,Electronics
951,daughter,Clothing
952,company,Clothing
953,every,Clothing
954,likely,Electronics
955,rich,Books
956,fact,Books
957,need,Books
958,public,Books
959,begin,Food
960,animal,Toys
961,exist,Toys
962,actually,Electronics
963,her,Electronics
964,something,Books
965,suddenly,Electronics
966,study,Books
967,job,Clothing
968,she,Toys
969,list,Food
970,participant,Electronics
971,change,Food
972,ball,Clothing
973,recognize,Books
974,subject,Toys
975,expect,Electronics
976,sit,Toys
977,hair,Clothing
978,fill,Clothing
979,discuss,Books
980,three,Electronics
981,party,Toys
982,include,Electronics
983,star,Electronics
984,government,Books
985,per,Books
986,successful,Food
987,parent,Food
988,answer,Books
989,stand,Food
990,Congress,Toys
991,skill,Toys
992,thank,Books
993,religious,Toys
994,table,Electronics
995,upon,Clothing
996,offer,Toys
997,standard,Food
998,should,Books
999,consider,Books
1000,total,Books
